-- Accounts
INSERT INTO `accounts` (`accounts`.`id`, `accounts`.`login`, `accounts`.`password`) VALUES (1, 'root', 'root');

-- Names
INSERT INTO `names` (`names`.`id`, `names`.`name_ru`, `names`.`name_kz`, `names`.`name_en`) VALUES (1, 'Мужской', '', '');
INSERT INTO `names` (`names`.`id`, `names`.`name_ru`, `names`.`name_kz`, `names`.`name_en`) VALUES (2, 'Женский', '', '');
INSERT INTO `names` (`names`.`id`, `names`.`name_ru`, `names`.`name_kz`, `names`.`name_en`) VALUES (3, 'Ожидание', '', '');
INSERT INTO `names` (`names`.`id`, `names`.`name_ru`, `names`.`name_kz`, `names`.`name_en`) VALUES (4, 'Заселен', '', '');
INSERT INTO `names` (`names`.`id`, `names`.`name_ru`, `names`.`name_kz`, `names`.`name_en`) VALUES (5, 'Не заселен', '', '');
INSERT INTO `names` (`names`.`id`, `names`.`name_ru`, `names`.`name_kz`, `names`.`name_en`) VALUES (6, 'Отказано', '', '');
INSERT INTO `names` (`names`.`id`, `names`.`name_ru`, `names`.`name_kz`, `names`.`name_en`) VALUES (7, 'Академическая, 5/1', '', '');
INSERT INTO `names` (`names`.`id`, `names`.`name_ru`, `names`.`name_kz`, `names`.`name_en`) VALUES (8, 'Академическая, 5', '', '');
INSERT INTO `names` (`names`.`id`, `names`.`name_ru`, `names`.`name_kz`, `names`.`name_en`) VALUES (9, 'Комиссарова, 32', '', '');
INSERT INTO `names` (`names`.`id`, `names`.`name_ru`, `names`.`name_kz`, `names`.`name_en`) VALUES (10, 'Грант МОН РК', '', '');
INSERT INTO `names` (`names`.`id`, `names`.`name_ru`, `names`.`name_kz`, `names`.`name_en`) VALUES (11, 'Платное', '', '');

-- Сountries
INSERT INTO `countries` (`countries`.`id`, `countries`.`name`) VALUES (1, 'Абхазия');
INSERT INTO `countries` (`countries`.`id`, `countries`.`name`) VALUES (2, 'Австралия');
INSERT INTO `countries` (`countries`.`id`, `countries`.`name`) VALUES (3, 'Австрия');
INSERT INTO `countries` (`countries`.`id`, `countries`.`name`) VALUES (4, 'Азербайджан');
INSERT INTO `countries` (`countries`.`id`, `countries`.`name`) VALUES (5, 'Албания');
INSERT INTO `countries` (`countries`.`id`, `countries`.`name`) VALUES (6, 'Алжир');
INSERT INTO `countries` (`countries`.`id`, `countries`.`name`) VALUES (7, 'Ангола');
INSERT INTO `countries` (`countries`.`id`, `countries`.`name`) VALUES (8, 'Андорра');
INSERT INTO `countries` (`countries`.`id`, `countries`.`name`) VALUES (9, 'Антигуа и Барбуда');
INSERT INTO `countries` (`countries`.`id`, `countries`.`name`) VALUES (10, 'Аргентина');
INSERT INTO `countries` (`countries`.`id`, `countries`.`name`) VALUES (11, 'Армения');
INSERT INTO `countries` (`countries`.`id`, `countries`.`name`) VALUES (12, 'Афганистан');
INSERT INTO `countries` (`countries`.`id`, `countries`.`name`) VALUES (13, 'Багамские Острова');
INSERT INTO `countries` (`countries`.`id`, `countries`.`name`) VALUES (14, 'Бангладеш');
INSERT INTO `countries` (`countries`.`id`, `countries`.`name`) VALUES (15, 'Барбадос');
INSERT INTO `countries` (`countries`.`id`, `countries`.`name`) VALUES (16, 'Бахрейн');
INSERT INTO `countries` (`countries`.`id`, `countries`.`name`) VALUES (17, 'Белиз');
INSERT INTO `countries` (`countries`.`id`, `countries`.`name`) VALUES (18, 'Белоруссия');
INSERT INTO `countries` (`countries`.`id`, `countries`.`name`) VALUES (19, 'Бельгия');
INSERT INTO `countries` (`countries`.`id`, `countries`.`name`) VALUES (20, 'Бенин');
INSERT INTO `countries` (`countries`.`id`, `countries`.`name`) VALUES (21, 'Болгария');
INSERT INTO `countries` (`countries`.`id`, `countries`.`name`) VALUES (22, 'Боливия');
INSERT INTO `countries` (`countries`.`id`, `countries`.`name`) VALUES (23, 'Босния и Герцеговина');
INSERT INTO `countries` (`countries`.`id`, `countries`.`name`) VALUES (24, 'Ботсвана');
INSERT INTO `countries` (`countries`.`id`, `countries`.`name`) VALUES (25, 'Бразилия');
INSERT INTO `countries` (`countries`.`id`, `countries`.`name`) VALUES (26, 'Бруней');
INSERT INTO `countries` (`countries`.`id`, `countries`.`name`) VALUES (27, 'Буркина-Фасо');
INSERT INTO `countries` (`countries`.`id`, `countries`.`name`) VALUES (28, 'Бурунди');
INSERT INTO `countries` (`countries`.`id`, `countries`.`name`) VALUES (29, 'Бутан');
INSERT INTO `countries` (`countries`.`id`, `countries`.`name`) VALUES (30, 'Вануату');
INSERT INTO `countries` (`countries`.`id`, `countries`.`name`) VALUES (31, 'Ватикан');
INSERT INTO `countries` (`countries`.`id`, `countries`.`name`) VALUES (32, 'Великобритания');
INSERT INTO `countries` (`countries`.`id`, `countries`.`name`) VALUES (33, 'Венгрия');
INSERT INTO `countries` (`countries`.`id`, `countries`.`name`) VALUES (34, 'Венесуэла');
INSERT INTO `countries` (`countries`.`id`, `countries`.`name`) VALUES (35, 'Восточный Тимор');
INSERT INTO `countries` (`countries`.`id`, `countries`.`name`) VALUES (36, 'Вьетнам');
INSERT INTO `countries` (`countries`.`id`, `countries`.`name`) VALUES (37, 'Габон');
INSERT INTO `countries` (`countries`.`id`, `countries`.`name`) VALUES (38, 'Гаити');
INSERT INTO `countries` (`countries`.`id`, `countries`.`name`) VALUES (39, 'Гайана');
INSERT INTO `countries` (`countries`.`id`, `countries`.`name`) VALUES (40, 'Гамбия');
INSERT INTO `countries` (`countries`.`id`, `countries`.`name`) VALUES (41, 'Гана');
INSERT INTO `countries` (`countries`.`id`, `countries`.`name`) VALUES (42, 'Гватемала');
INSERT INTO `countries` (`countries`.`id`, `countries`.`name`) VALUES (43, 'Гвинея');
INSERT INTO `countries` (`countries`.`id`, `countries`.`name`) VALUES (44, 'Гвинея-Бисау');
INSERT INTO `countries` (`countries`.`id`, `countries`.`name`) VALUES (45, 'Германия');
INSERT INTO `countries` (`countries`.`id`, `countries`.`name`) VALUES (46, 'Гондурас');
INSERT INTO `countries` (`countries`.`id`, `countries`.`name`) VALUES (47, 'Государство Палестина');
INSERT INTO `countries` (`countries`.`id`, `countries`.`name`) VALUES (48, 'Гренада');
INSERT INTO `countries` (`countries`.`id`, `countries`.`name`) VALUES (49, 'Греция');
INSERT INTO `countries` (`countries`.`id`, `countries`.`name`) VALUES (50, 'Грузия');
INSERT INTO `countries` (`countries`.`id`, `countries`.`name`) VALUES (51, 'Дания');
INSERT INTO `countries` (`countries`.`id`, `countries`.`name`) VALUES (52, 'Джибути');
INSERT INTO `countries` (`countries`.`id`, `countries`.`name`) VALUES (53, 'Доминика');
INSERT INTO `countries` (`countries`.`id`, `countries`.`name`) VALUES (54, 'Доминиканская Республика');
INSERT INTO `countries` (`countries`.`id`, `countries`.`name`) VALUES (55, 'ДР Конго');
INSERT INTO `countries` (`countries`.`id`, `countries`.`name`) VALUES (56, 'Египет');
INSERT INTO `countries` (`countries`.`id`, `countries`.`name`) VALUES (57, 'Замбия');
INSERT INTO `countries` (`countries`.`id`, `countries`.`name`) VALUES (58, 'Зимбабве');
INSERT INTO `countries` (`countries`.`id`, `countries`.`name`) VALUES (59, 'Израиль');
INSERT INTO `countries` (`countries`.`id`, `countries`.`name`) VALUES (60, 'Индия');
INSERT INTO `countries` (`countries`.`id`, `countries`.`name`) VALUES (61, 'Индонезия');
INSERT INTO `countries` (`countries`.`id`, `countries`.`name`) VALUES (62, 'Иордания');
INSERT INTO `countries` (`countries`.`id`, `countries`.`name`) VALUES (63, 'Ирак');
INSERT INTO `countries` (`countries`.`id`, `countries`.`name`) VALUES (64, 'Иран');
INSERT INTO `countries` (`countries`.`id`, `countries`.`name`) VALUES (65, 'Ирландия');
INSERT INTO `countries` (`countries`.`id`, `countries`.`name`) VALUES (66, 'Исландия');
INSERT INTO `countries` (`countries`.`id`, `countries`.`name`) VALUES (67, 'Испания');
INSERT INTO `countries` (`countries`.`id`, `countries`.`name`) VALUES (68, 'Италия');
INSERT INTO `countries` (`countries`.`id`, `countries`.`name`) VALUES (69, 'Йемен');
INSERT INTO `countries` (`countries`.`id`, `countries`.`name`) VALUES (70, 'Кабо-Верде');
INSERT INTO `countries` (`countries`.`id`, `countries`.`name`) VALUES (71, 'Казахстан');
INSERT INTO `countries` (`countries`.`id`, `countries`.`name`) VALUES (72, 'Камбоджа');
INSERT INTO `countries` (`countries`.`id`, `countries`.`name`) VALUES (73, 'Камерун');
INSERT INTO `countries` (`countries`.`id`, `countries`.`name`) VALUES (74, 'Канада');
INSERT INTO `countries` (`countries`.`id`, `countries`.`name`) VALUES (75, 'Катар');
INSERT INTO `countries` (`countries`.`id`, `countries`.`name`) VALUES (76, 'Кения');
INSERT INTO `countries` (`countries`.`id`, `countries`.`name`) VALUES (77, 'Кипр');
INSERT INTO `countries` (`countries`.`id`, `countries`.`name`) VALUES (78, 'Киргизия');
INSERT INTO `countries` (`countries`.`id`, `countries`.`name`) VALUES (79, 'Кирибати');
INSERT INTO `countries` (`countries`.`id`, `countries`.`name`) VALUES (80, 'Китай');
INSERT INTO `countries` (`countries`.`id`, `countries`.`name`) VALUES (81, 'КНДР');
INSERT INTO `countries` (`countries`.`id`, `countries`.`name`) VALUES (82, 'Колумбия');
INSERT INTO `countries` (`countries`.`id`, `countries`.`name`) VALUES (83, 'Коморские Острова');
INSERT INTO `countries` (`countries`.`id`, `countries`.`name`) VALUES (84, 'Коста-Рика');
INSERT INTO `countries` (`countries`.`id`, `countries`.`name`) VALUES (85, 'Кот-д Ивуар');
INSERT INTO `countries` (`countries`.`id`, `countries`.`name`) VALUES (86, 'Куба');
INSERT INTO `countries` (`countries`.`id`, `countries`.`name`) VALUES (87, 'Кувейт');
INSERT INTO `countries` (`countries`.`id`, `countries`.`name`) VALUES (88, 'Лаос');
INSERT INTO `countries` (`countries`.`id`, `countries`.`name`) VALUES (89, 'Латвия');
INSERT INTO `countries` (`countries`.`id`, `countries`.`name`) VALUES (90, 'Лесото');
INSERT INTO `countries` (`countries`.`id`, `countries`.`name`) VALUES (91, 'Либерия');
INSERT INTO `countries` (`countries`.`id`, `countries`.`name`) VALUES (92, 'Ливан');
INSERT INTO `countries` (`countries`.`id`, `countries`.`name`) VALUES (93, 'Ливия');
INSERT INTO `countries` (`countries`.`id`, `countries`.`name`) VALUES (94, 'Литва');
INSERT INTO `countries` (`countries`.`id`, `countries`.`name`) VALUES (95, 'Лихтенштейн');
INSERT INTO `countries` (`countries`.`id`, `countries`.`name`) VALUES (96, 'Люксембург');
INSERT INTO `countries` (`countries`.`id`, `countries`.`name`) VALUES (97, 'Маврикий');
INSERT INTO `countries` (`countries`.`id`, `countries`.`name`) VALUES (98, 'Мавритания');
INSERT INTO `countries` (`countries`.`id`, `countries`.`name`) VALUES (99, 'Мадагаскар');
INSERT INTO `countries` (`countries`.`id`, `countries`.`name`) VALUES (100, 'Малави');
INSERT INTO `countries` (`countries`.`id`, `countries`.`name`) VALUES (101, 'Малайзия');
INSERT INTO `countries` (`countries`.`id`, `countries`.`name`) VALUES (102, 'Мали');
INSERT INTO `countries` (`countries`.`id`, `countries`.`name`) VALUES (103, 'Мальдивские Острова');
INSERT INTO `countries` (`countries`.`id`, `countries`.`name`) VALUES (104, 'Мальта');
INSERT INTO `countries` (`countries`.`id`, `countries`.`name`) VALUES (105, 'Марокко');
INSERT INTO `countries` (`countries`.`id`, `countries`.`name`) VALUES (106, 'Маршалловы Острова');
INSERT INTO `countries` (`countries`.`id`, `countries`.`name`) VALUES (107, 'Мексика');
INSERT INTO `countries` (`countries`.`id`, `countries`.`name`) VALUES (108, 'Мозамбик');
INSERT INTO `countries` (`countries`.`id`, `countries`.`name`) VALUES (109, 'Молдавия');
INSERT INTO `countries` (`countries`.`id`, `countries`.`name`) VALUES (110, 'Монако');
INSERT INTO `countries` (`countries`.`id`, `countries`.`name`) VALUES (111, 'Монголия');
INSERT INTO `countries` (`countries`.`id`, `countries`.`name`) VALUES (112, 'Мьянма');
INSERT INTO `countries` (`countries`.`id`, `countries`.`name`) VALUES (113, 'Намибия');
INSERT INTO `countries` (`countries`.`id`, `countries`.`name`) VALUES (114, 'Науру');
INSERT INTO `countries` (`countries`.`id`, `countries`.`name`) VALUES (115, 'Непал');
INSERT INTO `countries` (`countries`.`id`, `countries`.`name`) VALUES (116, 'Нигер');
INSERT INTO `countries` (`countries`.`id`, `countries`.`name`) VALUES (117, 'Нигерия');
INSERT INTO `countries` (`countries`.`id`, `countries`.`name`) VALUES (118, 'Нидерланды');
INSERT INTO `countries` (`countries`.`id`, `countries`.`name`) VALUES (119, 'Никарагуа');
INSERT INTO `countries` (`countries`.`id`, `countries`.`name`) VALUES (120, 'Новая Зеландия');
INSERT INTO `countries` (`countries`.`id`, `countries`.`name`) VALUES (121, 'Норвегия');
INSERT INTO `countries` (`countries`.`id`, `countries`.`name`) VALUES (122, 'ОАЭ');
INSERT INTO `countries` (`countries`.`id`, `countries`.`name`) VALUES (123, 'Оман');
INSERT INTO `countries` (`countries`.`id`, `countries`.`name`) VALUES (124, 'Пакистан');
INSERT INTO `countries` (`countries`.`id`, `countries`.`name`) VALUES (125, 'Палау');
INSERT INTO `countries` (`countries`.`id`, `countries`.`name`) VALUES (126, 'Панама');
INSERT INTO `countries` (`countries`.`id`, `countries`.`name`) VALUES (127, 'Папуа - Новая Гвинея');
INSERT INTO `countries` (`countries`.`id`, `countries`.`name`) VALUES (128, 'Парагвай');
INSERT INTO `countries` (`countries`.`id`, `countries`.`name`) VALUES (129, 'Перу');
INSERT INTO `countries` (`countries`.`id`, `countries`.`name`) VALUES (130, 'Польша');
INSERT INTO `countries` (`countries`.`id`, `countries`.`name`) VALUES (131, 'Португалия');
INSERT INTO `countries` (`countries`.`id`, `countries`.`name`) VALUES (132, 'Республика Конго');
INSERT INTO `countries` (`countries`.`id`, `countries`.`name`) VALUES (133, 'Республика Корея');
INSERT INTO `countries` (`countries`.`id`, `countries`.`name`) VALUES (134, 'Россия');
INSERT INTO `countries` (`countries`.`id`, `countries`.`name`) VALUES (135, 'Руанда');
INSERT INTO `countries` (`countries`.`id`, `countries`.`name`) VALUES (136, 'Румыния');
INSERT INTO `countries` (`countries`.`id`, `countries`.`name`) VALUES (137, 'Сальвадор');
INSERT INTO `countries` (`countries`.`id`, `countries`.`name`) VALUES (138, 'Самоа');
INSERT INTO `countries` (`countries`.`id`, `countries`.`name`) VALUES (139, 'Сан-Марино');
INSERT INTO `countries` (`countries`.`id`, `countries`.`name`) VALUES (140, 'Сан-Томе и Принсипи');
INSERT INTO `countries` (`countries`.`id`, `countries`.`name`) VALUES (141, 'Саудовская Аравия');
INSERT INTO `countries` (`countries`.`id`, `countries`.`name`) VALUES (142, 'Северная Македония');
INSERT INTO `countries` (`countries`.`id`, `countries`.`name`) VALUES (143, 'Сейшельские Острова');
INSERT INTO `countries` (`countries`.`id`, `countries`.`name`) VALUES (144, 'Сенегал');
INSERT INTO `countries` (`countries`.`id`, `countries`.`name`) VALUES (145, 'Сент-Винсент и Гренадины');
INSERT INTO `countries` (`countries`.`id`, `countries`.`name`) VALUES (146, 'Сент-Китс и Невис');
INSERT INTO `countries` (`countries`.`id`, `countries`.`name`) VALUES (147, 'Сент-Люсия');
INSERT INTO `countries` (`countries`.`id`, `countries`.`name`) VALUES (148, 'Сербия');
INSERT INTO `countries` (`countries`.`id`, `countries`.`name`) VALUES (149, 'Сингапур');
INSERT INTO `countries` (`countries`.`id`, `countries`.`name`) VALUES (150, 'Сирия');
INSERT INTO `countries` (`countries`.`id`, `countries`.`name`) VALUES (151, 'Словакия');
INSERT INTO `countries` (`countries`.`id`, `countries`.`name`) VALUES (152, 'Словения');
INSERT INTO `countries` (`countries`.`id`, `countries`.`name`) VALUES (153, 'Соломоновы Острова');
INSERT INTO `countries` (`countries`.`id`, `countries`.`name`) VALUES (154, 'Сомали');
INSERT INTO `countries` (`countries`.`id`, `countries`.`name`) VALUES (155, 'Судан');
INSERT INTO `countries` (`countries`.`id`, `countries`.`name`) VALUES (156, 'Суринам');
INSERT INTO `countries` (`countries`.`id`, `countries`.`name`) VALUES (157, 'США');
INSERT INTO `countries` (`countries`.`id`, `countries`.`name`) VALUES (158, 'Сьерра-Леоне');
INSERT INTO `countries` (`countries`.`id`, `countries`.`name`) VALUES (159, 'Таджикистан');
INSERT INTO `countries` (`countries`.`id`, `countries`.`name`) VALUES (160, 'Таиланд');
INSERT INTO `countries` (`countries`.`id`, `countries`.`name`) VALUES (161, 'Танзания');
INSERT INTO `countries` (`countries`.`id`, `countries`.`name`) VALUES (162, 'Того');
INSERT INTO `countries` (`countries`.`id`, `countries`.`name`) VALUES (163, 'Тонга');
INSERT INTO `countries` (`countries`.`id`, `countries`.`name`) VALUES (164, 'Тринидад и Тобаго');
INSERT INTO `countries` (`countries`.`id`, `countries`.`name`) VALUES (165, 'Тувалу');
INSERT INTO `countries` (`countries`.`id`, `countries`.`name`) VALUES (166, 'Тунис');
INSERT INTO `countries` (`countries`.`id`, `countries`.`name`) VALUES (167, 'Туркмения');
INSERT INTO `countries` (`countries`.`id`, `countries`.`name`) VALUES (168, 'Турция');
INSERT INTO `countries` (`countries`.`id`, `countries`.`name`) VALUES (169, 'Уганда');
INSERT INTO `countries` (`countries`.`id`, `countries`.`name`) VALUES (170, 'Узбекистан');
INSERT INTO `countries` (`countries`.`id`, `countries`.`name`) VALUES (171, 'Украина');
INSERT INTO `countries` (`countries`.`id`, `countries`.`name`) VALUES (172, 'Уругвай');
INSERT INTO `countries` (`countries`.`id`, `countries`.`name`) VALUES (173, 'Федеративные Штаты Микронезии');
INSERT INTO `countries` (`countries`.`id`, `countries`.`name`) VALUES (174, 'Фиджи');
INSERT INTO `countries` (`countries`.`id`, `countries`.`name`) VALUES (175, 'Филиппины');
INSERT INTO `countries` (`countries`.`id`, `countries`.`name`) VALUES (176, 'Финляндия');
INSERT INTO `countries` (`countries`.`id`, `countries`.`name`) VALUES (177, 'Франция');
INSERT INTO `countries` (`countries`.`id`, `countries`.`name`) VALUES (178, 'Хорватия');
INSERT INTO `countries` (`countries`.`id`, `countries`.`name`) VALUES (179, 'ЦАР');
INSERT INTO `countries` (`countries`.`id`, `countries`.`name`) VALUES (180, 'Чад');
INSERT INTO `countries` (`countries`.`id`, `countries`.`name`) VALUES (181, 'Черногория');
INSERT INTO `countries` (`countries`.`id`, `countries`.`name`) VALUES (182, 'Чехия');
INSERT INTO `countries` (`countries`.`id`, `countries`.`name`) VALUES (183, 'Чили');
INSERT INTO `countries` (`countries`.`id`, `countries`.`name`) VALUES (184, 'Швейцария');
INSERT INTO `countries` (`countries`.`id`, `countries`.`name`) VALUES (185, 'Швеция');
INSERT INTO `countries` (`countries`.`id`, `countries`.`name`) VALUES (186, 'Шри-Ланка');
INSERT INTO `countries` (`countries`.`id`, `countries`.`name`) VALUES (187, 'Эквадор');
INSERT INTO `countries` (`countries`.`id`, `countries`.`name`) VALUES (188, 'Экваториальная Гвинея');
INSERT INTO `countries` (`countries`.`id`, `countries`.`name`) VALUES (189, 'Эритрея');
INSERT INTO `countries` (`countries`.`id`, `countries`.`name`) VALUES (190, 'Эсватини');
INSERT INTO `countries` (`countries`.`id`, `countries`.`name`) VALUES (191, 'Эстония');
INSERT INTO `countries` (`countries`.`id`, `countries`.`name`) VALUES (192, 'Эфиопия');
INSERT INTO `countries` (`countries`.`id`, `countries`.`name`) VALUES (193, 'ЮАР');
INSERT INTO `countries` (`countries`.`id`, `countries`.`name`) VALUES (194, 'Южная Осетия');
INSERT INTO `countries` (`countries`.`id`, `countries`.`name`) VALUES (195, 'Южный Судан');
INSERT INTO `countries` (`countries`.`id`, `countries`.`name`) VALUES (196, 'Ямайка');
INSERT INTO `countries` (`countries`.`id`, `countries`.`name`) VALUES (197, 'Япония');

-- Genders
INSERT INTO `genders` (`genders`.`id`, `genders`.`name_id`) VALUES (1, 1);
INSERT INTO `genders` (`genders`.`id`, `genders`.`name_id`) VALUES (2, 2);

-- Educational Form
INSERT INTO `educational_form` (`educational_form`.`id`, `educational_form`.`name_id`) VALUES (1, 10);
INSERT INTO `educational_form` (`educational_form`.`id`, `educational_form`.`name_id`) VALUES (2, 11);

-- Status
INSERT INTO `status` (`status`.`id`, `status`.`name_id`, `status`.`active`) VALUES (1, 3, 0);
INSERT INTO `status` (`status`.`id`, `status`.`name_id`, `status`.`active`) VALUES (2, 4, 1);
INSERT INTO `status` (`status`.`id`, `status`.`name_id`, `status`.`active`) VALUES (3, 5, 0);
INSERT INTO `status` (`status`.`id`, `status`.`name_id`, `status`.`active`) VALUES (4, 6, -1);

-- Dorms
INSERT INTO `dorms` (`dorms`.`id`, `dorms`.`name_id`) VALUES (1, 7);
INSERT INTO `dorms` (`dorms`.`id`, `dorms`.`name_id`) VALUES (2, 8);
INSERT INTO `dorms` (`dorms`.`id`, `dorms`.`name_id`) VALUES (3, 9);

-- Floors
INSERT INTO `floors` (`floors`.`id`, `floors`.`number`, `floors`.`dorm_id`) VALUES (1, 1, 1);
INSERT INTO `floors` (`floors`.`id`, `floors`.`number`, `floors`.`dorm_id`) VALUES (2, 2, 1);
INSERT INTO `floors` (`floors`.`id`, `floors`.`number`, `floors`.`dorm_id`) VALUES (3, 3, 1);
INSERT INTO `floors` (`floors`.`id`, `floors`.`number`, `floors`.`dorm_id`) VALUES (4, 3, 2);
INSERT INTO `floors` (`floors`.`id`, `floors`.`number`, `floors`.`dorm_id`) VALUES (5, 1, 3);
INSERT INTO `floors` (`floors`.`id`, `floors`.`number`, `floors`.`dorm_id`) VALUES (6, 2, 3);
INSERT INTO `floors` (`floors`.`id`, `floors`.`number`, `floors`.`dorm_id`) VALUES (7, 3, 3);

-- Rooms
INSERT INTO `rooms` (`rooms`.`id`, `rooms`.`number`, `rooms`.`max`, `rooms`.`floor_id`) VALUES (1, 101, 4, 1);
INSERT INTO `rooms` (`rooms`.`id`, `rooms`.`number`, `rooms`.`max`, `rooms`.`floor_id`) VALUES (2, 102, 4, 1);
INSERT INTO `rooms` (`rooms`.`id`, `rooms`.`number`, `rooms`.`max`, `rooms`.`floor_id`) VALUES (3, 103, 4, 1);
INSERT INTO `rooms` (`rooms`.`id`, `rooms`.`number`, `rooms`.`max`, `rooms`.`floor_id`) VALUES (4, 104, 4, 1);
INSERT INTO `rooms` (`rooms`.`id`, `rooms`.`number`, `rooms`.`max`, `rooms`.`floor_id`) VALUES (5, 105, 4, 1);
INSERT INTO `rooms` (`rooms`.`id`, `rooms`.`number`, `rooms`.`max`, `rooms`.`floor_id`) VALUES (6, 106, 4, 1);
INSERT INTO `rooms` (`rooms`.`id`, `rooms`.`number`, `rooms`.`max`, `rooms`.`floor_id`) VALUES (7, 107, 4, 1);
INSERT INTO `rooms` (`rooms`.`id`, `rooms`.`number`, `rooms`.`max`, `rooms`.`floor_id`) VALUES (8, 108, 4, 1);
INSERT INTO `rooms` (`rooms`.`id`, `rooms`.`number`, `rooms`.`max`, `rooms`.`floor_id`) VALUES (9, 109, 4, 1);
INSERT INTO `rooms` (`rooms`.`id`, `rooms`.`number`, `rooms`.`max`, `rooms`.`floor_id`) VALUES (10, 110, 4, 1);
INSERT INTO `rooms` (`rooms`.`id`, `rooms`.`number`, `rooms`.`max`, `rooms`.`floor_id`) VALUES (11, 201, 4, 2);
INSERT INTO `rooms` (`rooms`.`id`, `rooms`.`number`, `rooms`.`max`, `rooms`.`floor_id`) VALUES (12, 202, 4, 2);
INSERT INTO `rooms` (`rooms`.`id`, `rooms`.`number`, `rooms`.`max`, `rooms`.`floor_id`) VALUES (13, 203, 4, 2);
INSERT INTO `rooms` (`rooms`.`id`, `rooms`.`number`, `rooms`.`max`, `rooms`.`floor_id`) VALUES (14, 204, 4, 2);
INSERT INTO `rooms` (`rooms`.`id`, `rooms`.`number`, `rooms`.`max`, `rooms`.`floor_id`) VALUES (15, 205, 4, 2);
INSERT INTO `rooms` (`rooms`.`id`, `rooms`.`number`, `rooms`.`max`, `rooms`.`floor_id`) VALUES (16, 206, 4, 2);
INSERT INTO `rooms` (`rooms`.`id`, `rooms`.`number`, `rooms`.`max`, `rooms`.`floor_id`) VALUES (17, 207, 4, 2);
INSERT INTO `rooms` (`rooms`.`id`, `rooms`.`number`, `rooms`.`max`, `rooms`.`floor_id`) VALUES (18, 208, 4, 2);
INSERT INTO `rooms` (`rooms`.`id`, `rooms`.`number`, `rooms`.`max`, `rooms`.`floor_id`) VALUES (19, 209, 4, 2);
INSERT INTO `rooms` (`rooms`.`id`, `rooms`.`number`, `rooms`.`max`, `rooms`.`floor_id`) VALUES (20, 210, 4, 2);
INSERT INTO `rooms` (`rooms`.`id`, `rooms`.`number`, `rooms`.`max`, `rooms`.`floor_id`) VALUES (21, 301, 4, 3);
INSERT INTO `rooms` (`rooms`.`id`, `rooms`.`number`, `rooms`.`max`, `rooms`.`floor_id`) VALUES (22, 302, 4, 3);
INSERT INTO `rooms` (`rooms`.`id`, `rooms`.`number`, `rooms`.`max`, `rooms`.`floor_id`) VALUES (23, 303, 4, 3);
INSERT INTO `rooms` (`rooms`.`id`, `rooms`.`number`, `rooms`.`max`, `rooms`.`floor_id`) VALUES (24, 304, 4, 3);
INSERT INTO `rooms` (`rooms`.`id`, `rooms`.`number`, `rooms`.`max`, `rooms`.`floor_id`) VALUES (25, 305, 4, 3);
INSERT INTO `rooms` (`rooms`.`id`, `rooms`.`number`, `rooms`.`max`, `rooms`.`floor_id`) VALUES (26, 306, 4, 3);
INSERT INTO `rooms` (`rooms`.`id`, `rooms`.`number`, `rooms`.`max`, `rooms`.`floor_id`) VALUES (27, 307, 4, 3);
INSERT INTO `rooms` (`rooms`.`id`, `rooms`.`number`, `rooms`.`max`, `rooms`.`floor_id`) VALUES (28, 308, 4, 3);
INSERT INTO `rooms` (`rooms`.`id`, `rooms`.`number`, `rooms`.`max`, `rooms`.`floor_id`) VALUES (29, 309, 4, 3);
INSERT INTO `rooms` (`rooms`.`id`, `rooms`.`number`, `rooms`.`max`, `rooms`.`floor_id`) VALUES (30, 310, 4, 3);
INSERT INTO `rooms` (`rooms`.`id`, `rooms`.`number`, `rooms`.`max`, `rooms`.`floor_id`) VALUES (31, 303, 4, 4);
INSERT INTO `rooms` (`rooms`.`id`, `rooms`.`number`, `rooms`.`max`, `rooms`.`floor_id`) VALUES (32, 304, 4, 4);
INSERT INTO `rooms` (`rooms`.`id`, `rooms`.`number`, `rooms`.`max`, `rooms`.`floor_id`) VALUES (33, 305, 4, 4);
INSERT INTO `rooms` (`rooms`.`id`, `rooms`.`number`, `rooms`.`max`, `rooms`.`floor_id`) VALUES (34, 306, 4, 4);
INSERT INTO `rooms` (`rooms`.`id`, `rooms`.`number`, `rooms`.`max`, `rooms`.`floor_id`) VALUES (35, 307, 4, 4);
INSERT INTO `rooms` (`rooms`.`id`, `rooms`.`number`, `rooms`.`max`, `rooms`.`floor_id`) VALUES (36, 308, 4, 4);
INSERT INTO `rooms` (`rooms`.`id`, `rooms`.`number`, `rooms`.`max`, `rooms`.`floor_id`) VALUES (37, 309, 4, 4);
INSERT INTO `rooms` (`rooms`.`id`, `rooms`.`number`, `rooms`.`max`, `rooms`.`floor_id`) VALUES (38, 310, 4, 4);
INSERT INTO `rooms` (`rooms`.`id`, `rooms`.`number`, `rooms`.`max`, `rooms`.`floor_id`) VALUES (39, 311, 4, 4);
INSERT INTO `rooms` (`rooms`.`id`, `rooms`.`number`, `rooms`.`max`, `rooms`.`floor_id`) VALUES (40, 312, 4, 4);
INSERT INTO `rooms` (`rooms`.`id`, `rooms`.`number`, `rooms`.`max`, `rooms`.`floor_id`) VALUES (41, 314, 4, 4);
INSERT INTO `rooms` (`rooms`.`id`, `rooms`.`number`, `rooms`.`max`, `rooms`.`floor_id`) VALUES (42, 315, 4, 4);
INSERT INTO `rooms` (`rooms`.`id`, `rooms`.`number`, `rooms`.`max`, `rooms`.`floor_id`) VALUES (43, 316, 4, 4);
INSERT INTO `rooms` (`rooms`.`id`, `rooms`.`number`, `rooms`.`max`, `rooms`.`floor_id`) VALUES (44, 317, 4, 4);
INSERT INTO `rooms` (`rooms`.`id`, `rooms`.`number`, `rooms`.`max`, `rooms`.`floor_id`) VALUES (45, 318, 4, 4);
INSERT INTO `rooms` (`rooms`.`id`, `rooms`.`number`, `rooms`.`max`, `rooms`.`floor_id`) VALUES (46, 319, 4, 4);
INSERT INTO `rooms` (`rooms`.`id`, `rooms`.`number`, `rooms`.`max`, `rooms`.`floor_id`) VALUES (47, 320, 4, 4);
INSERT INTO `rooms` (`rooms`.`id`, `rooms`.`number`, `rooms`.`max`, `rooms`.`floor_id`) VALUES (48, 321, 4, 4);
INSERT INTO `rooms` (`rooms`.`id`, `rooms`.`number`, `rooms`.`max`, `rooms`.`floor_id`) VALUES (49, 322, 3, 4);
INSERT INTO `rooms` (`rooms`.`id`, `rooms`.`number`, `rooms`.`max`, `rooms`.`floor_id`) VALUES (50, 324, 4, 4);
INSERT INTO `rooms` (`rooms`.`id`, `rooms`.`number`, `rooms`.`max`, `rooms`.`floor_id`) VALUES (51, 325, 4, 4);
INSERT INTO `rooms` (`rooms`.`id`, `rooms`.`number`, `rooms`.`max`, `rooms`.`floor_id`) VALUES (52, 326, 4, 4);
INSERT INTO `rooms` (`rooms`.`id`, `rooms`.`number`, `rooms`.`max`, `rooms`.`floor_id`) VALUES (53, 327, 4, 4);

INSERT INTO `rooms` (`rooms`.`id`, `rooms`.`number`, `rooms`.`max`, `rooms`.`floor_id`) VALUES (54, 3, 3, 5);
INSERT INTO `rooms` (`rooms`.`id`, `rooms`.`number`, `rooms`.`max`, `rooms`.`floor_id`) VALUES (55, 4, 4, 5);
INSERT INTO `rooms` (`rooms`.`id`, `rooms`.`number`, `rooms`.`max`, `rooms`.`floor_id`) VALUES (56, 5, 4, 5);
INSERT INTO `rooms` (`rooms`.`id`, `rooms`.`number`, `rooms`.`max`, `rooms`.`floor_id`) VALUES (57, 6, 4, 5);
INSERT INTO `rooms` (`rooms`.`id`, `rooms`.`number`, `rooms`.`max`, `rooms`.`floor_id`) VALUES (58, 7, 4, 5);
INSERT INTO `rooms` (`rooms`.`id`, `rooms`.`number`, `rooms`.`max`, `rooms`.`floor_id`) VALUES (59, 8, 4, 5);
INSERT INTO `rooms` (`rooms`.`id`, `rooms`.`number`, `rooms`.`max`, `rooms`.`floor_id`) VALUES (60, 10, 4, 5);
INSERT INTO `rooms` (`rooms`.`id`, `rooms`.`number`, `rooms`.`max`, `rooms`.`floor_id`) VALUES (61, 19, 4, 5);
INSERT INTO `rooms` (`rooms`.`id`, `rooms`.`number`, `rooms`.`max`, `rooms`.`floor_id`) VALUES (62, 20, 4, 5);
INSERT INTO `rooms` (`rooms`.`id`, `rooms`.`number`, `rooms`.`max`, `rooms`.`floor_id`) VALUES (63, 21, 4, 5);
INSERT INTO `rooms` (`rooms`.`id`, `rooms`.`number`, `rooms`.`max`, `rooms`.`floor_id`) VALUES (64, 22, 4, 5);
INSERT INTO `rooms` (`rooms`.`id`, `rooms`.`number`, `rooms`.`max`, `rooms`.`floor_id`) VALUES (65, 23, 2, 5);
INSERT INTO `rooms` (`rooms`.`id`, `rooms`.`number`, `rooms`.`max`, `rooms`.`floor_id`) VALUES (66, 25, 3, 6);
INSERT INTO `rooms` (`rooms`.`id`, `rooms`.`number`, `rooms`.`max`, `rooms`.`floor_id`) VALUES (67, 26, 4, 6);
INSERT INTO `rooms` (`rooms`.`id`, `rooms`.`number`, `rooms`.`max`, `rooms`.`floor_id`) VALUES (68, 27, 4, 6);
INSERT INTO `rooms` (`rooms`.`id`, `rooms`.`number`, `rooms`.`max`, `rooms`.`floor_id`) VALUES (69, 28, 4, 6);
INSERT INTO `rooms` (`rooms`.`id`, `rooms`.`number`, `rooms`.`max`, `rooms`.`floor_id`) VALUES (70, 29, 3, 6);
INSERT INTO `rooms` (`rooms`.`id`, `rooms`.`number`, `rooms`.`max`, `rooms`.`floor_id`) VALUES (71, 30, 4, 6);
INSERT INTO `rooms` (`rooms`.`id`, `rooms`.`number`, `rooms`.`max`, `rooms`.`floor_id`) VALUES (72, 31, 4, 6);
INSERT INTO `rooms` (`rooms`.`id`, `rooms`.`number`, `rooms`.`max`, `rooms`.`floor_id`) VALUES (73, 32, 4, 6);
INSERT INTO `rooms` (`rooms`.`id`, `rooms`.`number`, `rooms`.`max`, `rooms`.`floor_id`) VALUES (74, 33, 4, 6);
INSERT INTO `rooms` (`rooms`.`id`, `rooms`.`number`, `rooms`.`max`, `rooms`.`floor_id`) VALUES (75, 34, 4, 6);
INSERT INTO `rooms` (`rooms`.`id`, `rooms`.`number`, `rooms`.`max`, `rooms`.`floor_id`) VALUES (76, 35, 2, 6);
INSERT INTO `rooms` (`rooms`.`id`, `rooms`.`number`, `rooms`.`max`, `rooms`.`floor_id`) VALUES (77, 36, 4, 6);
INSERT INTO `rooms` (`rooms`.`id`, `rooms`.`number`, `rooms`.`max`, `rooms`.`floor_id`) VALUES (78, 37, 2, 6);
INSERT INTO `rooms` (`rooms`.`id`, `rooms`.`number`, `rooms`.`max`, `rooms`.`floor_id`) VALUES (79, 38, 4, 6);
INSERT INTO `rooms` (`rooms`.`id`, `rooms`.`number`, `rooms`.`max`, `rooms`.`floor_id`) VALUES (80, 39, 2, 6);
INSERT INTO `rooms` (`rooms`.`id`, `rooms`.`number`, `rooms`.`max`, `rooms`.`floor_id`) VALUES (81, 40, 4, 6);
INSERT INTO `rooms` (`rooms`.`id`, `rooms`.`number`, `rooms`.`max`, `rooms`.`floor_id`) VALUES (82, 42, 4, 6);
INSERT INTO `rooms` (`rooms`.`id`, `rooms`.`number`, `rooms`.`max`, `rooms`.`floor_id`) VALUES (83, 43, 4, 6);
INSERT INTO `rooms` (`rooms`.`id`, `rooms`.`number`, `rooms`.`max`, `rooms`.`floor_id`) VALUES (84, 44, 5, 6);
INSERT INTO `rooms` (`rooms`.`id`, `rooms`.`number`, `rooms`.`max`, `rooms`.`floor_id`) VALUES (85, 45, 4, 6);
INSERT INTO `rooms` (`rooms`.`id`, `rooms`.`number`, `rooms`.`max`, `rooms`.`floor_id`) VALUES (86, 46, 4, 6);
INSERT INTO `rooms` (`rooms`.`id`, `rooms`.`number`, `rooms`.`max`, `rooms`.`floor_id`) VALUES (87, 47, 4, 6);
INSERT INTO `rooms` (`rooms`.`id`, `rooms`.`number`, `rooms`.`max`, `rooms`.`floor_id`) VALUES (88, 48, 1, 6);
INSERT INTO `rooms` (`rooms`.`id`, `rooms`.`number`, `rooms`.`max`, `rooms`.`floor_id`) VALUES (89, 49, 4, 6);
INSERT INTO `rooms` (`rooms`.`id`, `rooms`.`number`, `rooms`.`max`, `rooms`.`floor_id`) VALUES (90, 50, 2, 6);
INSERT INTO `rooms` (`rooms`.`id`, `rooms`.`number`, `rooms`.`max`, `rooms`.`floor_id`) VALUES (91, 51, 4, 6);
INSERT INTO `rooms` (`rooms`.`id`, `rooms`.`number`, `rooms`.`max`, `rooms`.`symbol`, `rooms`.`floor_id`) VALUES (92, 51, 1, 'А', 6);
INSERT INTO `rooms` (`rooms`.`id`, `rooms`.`number`, `rooms`.`max`, `rooms`.`symbol`, `rooms`.`floor_id`) VALUES (93, 51, 1, 'Б', 6);
INSERT INTO `rooms` (`rooms`.`id`, `rooms`.`number`, `rooms`.`max`, `rooms`.`floor_id`) VALUES (94, 52, 4, 6);
INSERT INTO `rooms` (`rooms`.`id`, `rooms`.`number`, `rooms`.`max`, `rooms`.`floor_id`) VALUES (95, 53, 3, 7);
INSERT INTO `rooms` (`rooms`.`id`, `rooms`.`number`, `rooms`.`max`, `rooms`.`floor_id`) VALUES (96, 54, 4, 7);
INSERT INTO `rooms` (`rooms`.`id`, `rooms`.`number`, `rooms`.`max`, `rooms`.`floor_id`) VALUES (97, 55, 4, 7);
INSERT INTO `rooms` (`rooms`.`id`, `rooms`.`number`, `rooms`.`max`, `rooms`.`floor_id`) VALUES (98, 56, 4, 7);
INSERT INTO `rooms` (`rooms`.`id`, `rooms`.`number`, `rooms`.`max`, `rooms`.`floor_id`) VALUES (99, 57, 3, 7);
INSERT INTO `rooms` (`rooms`.`id`, `rooms`.`number`, `rooms`.`max`, `rooms`.`floor_id`) VALUES (100, 58, 4, 7);
INSERT INTO `rooms` (`rooms`.`id`, `rooms`.`number`, `rooms`.`max`, `rooms`.`floor_id`) VALUES (101, 59, 4, 7);
INSERT INTO `rooms` (`rooms`.`id`, `rooms`.`number`, `rooms`.`max`, `rooms`.`floor_id`) VALUES (102, 60, 4, 7);
INSERT INTO `rooms` (`rooms`.`id`, `rooms`.`number`, `rooms`.`max`, `rooms`.`floor_id`) VALUES (103, 61, 4, 7);
INSERT INTO `rooms` (`rooms`.`id`, `rooms`.`number`, `rooms`.`max`, `rooms`.`floor_id`) VALUES (104, 62, 4, 7);
INSERT INTO `rooms` (`rooms`.`id`, `rooms`.`number`, `rooms`.`max`, `rooms`.`floor_id`) VALUES (105, 63, 2, 7);
INSERT INTO `rooms` (`rooms`.`id`, `rooms`.`number`, `rooms`.`max`, `rooms`.`floor_id`) VALUES (106, 64, 4, 7);
INSERT INTO `rooms` (`rooms`.`id`, `rooms`.`number`, `rooms`.`max`, `rooms`.`floor_id`) VALUES (107, 65, 2, 7);
INSERT INTO `rooms` (`rooms`.`id`, `rooms`.`number`, `rooms`.`max`, `rooms`.`floor_id`) VALUES (108, 66, 4, 7);
INSERT INTO `rooms` (`rooms`.`id`, `rooms`.`number`, `rooms`.`max`, `rooms`.`floor_id`) VALUES (109, 67, 2, 7);
INSERT INTO `rooms` (`rooms`.`id`, `rooms`.`number`, `rooms`.`max`, `rooms`.`floor_id`) VALUES (110, 68, 4, 7);
INSERT INTO `rooms` (`rooms`.`id`, `rooms`.`number`, `rooms`.`max`, `rooms`.`floor_id`) VALUES (111, 69, 2, 7);
INSERT INTO `rooms` (`rooms`.`id`, `rooms`.`number`, `rooms`.`max`, `rooms`.`floor_id`) VALUES (112, 70, 4, 7);
INSERT INTO `rooms` (`rooms`.`id`, `rooms`.`number`, `rooms`.`max`, `rooms`.`floor_id`) VALUES (113, 71, 4, 7);
INSERT INTO `rooms` (`rooms`.`id`, `rooms`.`number`, `rooms`.`max`, `rooms`.`floor_id`) VALUES (114, 72, 5, 7);
INSERT INTO `rooms` (`rooms`.`id`, `rooms`.`number`, `rooms`.`max`, `rooms`.`floor_id`) VALUES (115, 73, 4, 7);
INSERT INTO `rooms` (`rooms`.`id`, `rooms`.`number`, `rooms`.`max`, `rooms`.`floor_id`) VALUES (116, 74, 4, 7);
INSERT INTO `rooms` (`rooms`.`id`, `rooms`.`number`, `rooms`.`max`, `rooms`.`floor_id`) VALUES (117, 75, 4, 7);
INSERT INTO `rooms` (`rooms`.`id`, `rooms`.`number`, `rooms`.`max`, `rooms`.`floor_id`) VALUES (118, 76, 1, 7);
INSERT INTO `rooms` (`rooms`.`id`, `rooms`.`number`, `rooms`.`max`, `rooms`.`floor_id`) VALUES (119, 77, 4, 7);
INSERT INTO `rooms` (`rooms`.`id`, `rooms`.`number`, `rooms`.`max`, `rooms`.`floor_id`) VALUES (120, 78, 2, 7);
INSERT INTO `rooms` (`rooms`.`id`, `rooms`.`number`, `rooms`.`max`, `rooms`.`floor_id`) VALUES (121, 79, 4, 7);
INSERT INTO `rooms` (`rooms`.`id`, `rooms`.`number`, `rooms`.`max`, `rooms`.`symbol`, `rooms`.`floor_id`) VALUES (122, 79, 1, 'А', 7);
INSERT INTO `rooms` (`rooms`.`id`, `rooms`.`number`, `rooms`.`max`, `rooms`.`symbol`, `rooms`.`floor_id`) VALUES (123, 79, 1, 'Б',  7);
INSERT INTO `rooms` (`rooms`.`id`, `rooms`.`number`, `rooms`.`max`, `rooms`.`floor_id`) VALUES (124, 80, 4,  7);


SELECT `residence_permit`.`country_id`,
    `residence_permit`.`address`,
    `cities`.`name`
        AS `city`
FROM `residence_permit`
INNER JOIN `cities`
    ON `residence_permit`.`city_id` = `cities`.`id`
